﻿<?xml version="1.0" encoding="utf-8"?>
<Interfaces>
  <GPIO>
    <manufacturer>FTDI</manufacturer>
    <model>FTDIGPIODemo</model>
    <version>1.0</version>
    <serial>VinculumAccessory1</serial>
    <description>Vinculum Accessory Test</description>
    <uri>http://www.ftdichip.com</uri>
  </GPIO>
  <UART>
    <manufacturer>FTDI</manufacturer>
    <model>FTDIUARTDemo</model>
    <version>1.0</version>
    <serial>VinculumAccessory1</serial>
    <description>Vinculum Accessory Test</description>
    <uri>http://www.ftdichip.com</uri>
  </UART>
  <PWM>
    <manufacturer>FTDI</manufacturer>
    <model>FTDIPWMDemo</model>
    <version>1.0</version>
    <serial>VinculumAccessory1</serial>
    <description>Vinculum Accessory Test</description>
    <uri>http://www.ftdichip.com</uri>
  </PWM>
  <I2C>
    <manufacturer>FTDI</manufacturer>
    <model>FTDII2CDemo</model>
    <version>1.0</version>
    <serial>VinculumAccessory1</serial>
    <description>Vinculum Accessory Test</description>
    <uri>http://www.ftdichip.com</uri>
  </I2C>
  <SPISLAVE>
    <manufacturer>FTDI</manufacturer>
    <model>FTDISPISlaveDemo</model>
    <version>1.0</version>
    <serial>VinculumAccessory1</serial>
    <description>Vinculum Accessory Test</description>
    <uri>http://www.ftdichip.com</uri>
  </SPISLAVE>
  <SPIMASTER>
    <manufacturer>FTDI</manufacturer>
    <model>FTDISPIMasterDemo</model>
    <version>1.0</version>
    <serial>VinculumAccessory1</serial>
    <description>Vinculum Accessory Test</description>
    <uri>http://www.ftdichip.com</uri>
  </SPIMASTER>
</Interfaces>